{
  "figure": "fig3_capability_heatmap",
  "models": [
    "gemma3_12b",
    "llama3_1_8b",
    "mistral_nemo_12b",
    "qwen3_14b"
  ],
  "capability_columns": [
    "decision",
    "memory_state",
    "evidence",
    "diagnosis",
    "joint"
  ],
  "capability_matrix": {
    "gemma3_12b": {
      "decision": 0.8990301816102548,
      "memory_state": 0.9353333333333358,
      "evidence": 0.965,
      "diagnosis": 0.564,
      "joint": 0.424
    },
    "llama3_1_8b": {
      "decision": 0.8646839879411546,
      "memory_state": 0.9593333333333336,
      "evidence": 1.0,
      "diagnosis": 0.622,
      "joint": 0.464
    },
    "mistral_nemo_12b": {
      "decision": 0.9534871963396446,
      "memory_state": 0.47200000000000075,
      "evidence": 0.916,
      "diagnosis": 0.422,
      "joint": 0.124
    },
    "qwen3_14b": {
      "decision": 1.0,
      "memory_state": 1.0,
      "evidence": 1.0,
      "diagnosis": 0.986,
      "joint": 0.54
    }
  },
  "domain_columns": [
    "software_engineering_agent",
    "enterprise_multi_tool_workflow",
    "customer_support_crm",
    "calendar_task_workflow",
    "research_knowledge_work",
    "data_analysis_bi"
  ],
  "domain_joint_matrix": {
    "gemma3_12b": {
      "software_engineering_agent": 0.26153846153846155,
      "enterprise_multi_tool_workflow": 0.6268656716417911,
      "customer_support_crm": 0.16666666666666666,
      "calendar_task_workflow": 0.64,
      "research_knowledge_work": 0.4117647058823529,
      "data_analysis_bi": 0.5747126436781609
    },
    "llama3_1_8b": {
      "software_engineering_agent": 0.3384615384615385,
      "enterprise_multi_tool_workflow": 0.7611940298507462,
      "customer_support_crm": 0.40476190476190477,
      "calendar_task_workflow": 0.2,
      "research_knowledge_work": 0.9705882352941176,
      "data_analysis_bi": 0.5747126436781609
    },
    "mistral_nemo_12b": {
      "software_engineering_agent": 0.09230769230769231,
      "enterprise_multi_tool_workflow": 0.0,
      "customer_support_crm": 0.0,
      "calendar_task_workflow": 0.18666666666666668,
      "research_knowledge_work": 0.8823529411764706,
      "data_analysis_bi": 0.0
    },
    "qwen3_14b": {
      "software_engineering_agent": 0.3384615384615385,
      "enterprise_multi_tool_workflow": 0.6268656716417911,
      "customer_support_crm": 0.40476190476190477,
      "calendar_task_workflow": 1.0,
      "research_knowledge_work": 0.5882352941176471,
      "data_analysis_bi": 0.5747126436781609
    }
  },
  "decision_columns": [
    "use_current_memory",
    "escalate",
    "ask_clarification",
    "refuse_due_to_policy",
    "mark_unresolved"
  ],
  "decision_joint_matrix": {
    "gemma3_12b": {
      "use_current_memory": 0.9866666666666667,
      "escalate": 0.3333333333333333,
      "ask_clarification": 0.0,
      "refuse_due_to_policy": 0.0,
      "mark_unresolved": 0.39
    },
    "llama3_1_8b": {
      "use_current_memory": 0.6666666666666666,
      "escalate": 0.3333333333333333,
      "ask_clarification": 0.24,
      "refuse_due_to_policy": 0.0,
      "mark_unresolved": 0.83
    },
    "mistral_nemo_12b": {
      "use_current_memory": 0.0,
      "escalate": 0.02666666666666667,
      "ask_clarification": 0.14,
      "refuse_due_to_policy": 0.0,
      "mark_unresolved": 0.46
    },
    "qwen3_14b": {
      "use_current_memory": 1.0,
      "escalate": 0.3333333333333333,
      "ask_clarification": 0.25,
      "refuse_due_to_policy": 0.0,
      "mark_unresolved": 0.7
    }
  }
}
