{
  "figure": "fig6_pairwise_winrate",
  "models": [
    "gemma3_12b",
    "llama3_1_8b",
    "mistral_nemo_12b",
    "qwen3_14b"
  ],
  "win_rate": {
    "gemma3_12b": {
      "gemma3_12b": 0.5,
      "llama3_1_8b": 0.41379310344827586,
      "mistral_nemo_12b": 0.8048780487804879,
      "qwen3_14b": 0.016666666666666666
    },
    "llama3_1_8b": {
      "gemma3_12b": 0.5862068965517241,
      "llama3_1_8b": 0.5,
      "mistral_nemo_12b": 0.9619565217391305,
      "qwen3_14b": 0.27380952380952384
    },
    "mistral_nemo_12b": {
      "gemma3_12b": 0.1951219512195122,
      "llama3_1_8b": 0.03804347826086957,
      "mistral_nemo_12b": 0.5,
      "qwen3_14b": 0.06666666666666667
    },
    "qwen3_14b": {
      "gemma3_12b": 0.9833333333333333,
      "llama3_1_8b": 0.7261904761904762,
      "mistral_nemo_12b": 0.9333333333333333,
      "qwen3_14b": 0.5
    }
  },
  "battle_counts": {
    "gemma3_12b": {
      "gemma3_12b": 0,
      "llama3_1_8b": 500,
      "mistral_nemo_12b": 500,
      "qwen3_14b": 500
    },
    "llama3_1_8b": {
      "gemma3_12b": 500,
      "llama3_1_8b": 0,
      "mistral_nemo_12b": 500,
      "qwen3_14b": 500
    },
    "mistral_nemo_12b": {
      "gemma3_12b": 500,
      "llama3_1_8b": 500,
      "mistral_nemo_12b": 0,
      "qwen3_14b": 500
    },
    "qwen3_14b": {
      "gemma3_12b": 500,
      "llama3_1_8b": 500,
      "mistral_nemo_12b": 500,
      "qwen3_14b": 0
    }
  },
  "metric": "joint_revision_success",
  "tie_policy": "exclude_ties_from_denominator"
}
