model,path,variant,split,count,joint_revision_success,decision_macro_f1,memory_state_accuracy,evidence_f1,failure_diagnosis_accuracy
gemma3_12b,A,base,test500,500,0.0,0.0923076923076923,0.7666666666666708,0.0,0.15
gemma3_12b,B,lora,test500,500,0.424,0.8990301816102548,0.9353333333333358,0.965,0.564
llama3_1_8b,A,base,test500,500,0.0,0.0923076923076923,0.7666666666666708,0.0,0.15
llama3_1_8b,B,lora,test500,500,0.464,0.8646839879411546,0.9593333333333336,1.0,0.622
mistral_nemo_12b,A,base,test500,500,0.0,0.0923076923076923,0.7666666666666708,0.0,0.15
mistral_nemo_12b,B,lora,test500,500,0.124,0.9534871963396446,0.47200000000000075,0.916,0.422
qwen3_14b,A,base,test500,500,0.0,0.0923076923076923,0.7666666666666708,0.0,0.15
qwen3_14b,B,lora,test500,500,0.54,1.0,1.0,1.0,0.986
