{
  "singular_values": [
    2.15759118957806,
    1.7052659415177287,
    1.0891818481917432,
    1.082240437146976,
    1.0,
    0.4942989443648382,
    0.3651621814045514
  ],
  "rank": 7,
  "condition_number": 5.908583362272486,
  "dimensions": [
    8,
    7
  ],
  "is_full_rank": true
}