{
  "all_metrics": {
    "answer_exact_match": 0.0,
    "answer_key_fact_accuracy": 0.92,
    "answer_state_consistency": 0.30666666666666664,
    "black_box_decision_accuracy": 0.5333333333333333,
    "conflict_collapse_rate": 0.0,
    "counterevidence_recall": 0.7133333333333334,
    "decision_balanced_accuracy": 0.36533333333333334,
    "decision_macro_f1": 0.34218836091425536,
    "evidence_f1": 0.8368888888888891,
    "evidence_precision": 0.8234444444444444,
    "failure_diagnosis_accuracy": 0.23333333333333334,
    "failure_to_forget_rate": 0.0,
    "failure_to_release_or_restore_rate": 0.0,
    "forbidden_fact_hits": 0.006666666666666667,
    "format_failure_rate": 0.0,
    "joint_revision_success": 0.19333333333333333,
    "latest_event_shortcut_failure_rate": 0.0,
    "memory_hallucination_rate": 0.0,
    "memory_state_accuracy": 0.7911111111111119,
    "minimal_evidence_exact_match": 0.5866666666666667,
    "non_answer_decision_accuracy": 0.37333333333333335,
    "over_update_rate": 0.02666666666666667,
    "overcitation_rate": 0.17655555555555555,
    "per_decision_accuracy": {
      "ask_clarification": 0.0,
      "escalate": 0.0,
      "mark_unresolved": 0.7333333333333333,
      "refuse_due_to_policy": 0.4,
      "use_current_memory": 0.6933333333333334
    },
    "per_decision_counts": {
      "ask_clarification": 18,
      "escalate": 12,
      "mark_unresolved": 30,
      "refuse_due_to_policy": 15,
      "use_current_memory": 75
    },
    "policy_violation_anchor_hit_rate": 0.0,
    "policy_violation_rate": 0.04666666666666667,
    "scope_authority_accuracy": 0.92,
    "scope_leakage_anchor_hit_rate": 0.0,
    "scope_leakage_rate": 0.5066666666666667,
    "stale_anchor_hit_rate": 0.0,
    "stale_memory_reuse_rate": 0.04,
    "stale_reuse_rate": 0.006666666666666667,
    "under_update_rate": 0.0,
    "unnecessary_memory_write_rate": 0.0,
    "use_current_memory_accuracy": 0.6933333333333334,
    "wrong_source_attribution_rate": 0.0
  },
  "count": 150,
  "error_count": 0,
  "format_failure_count": 0,
  "model": "THUDM/GLM-5.1",
  "report_metrics": {
    "answer_state_consistency": 0.30666666666666664,
    "black_box_decision_accuracy": 0.5333333333333333,
    "counterevidence_recall": 0.7133333333333334,
    "decision_macro_f1": 0.34218836091425536,
    "evidence_f1": 0.8368888888888891,
    "evidence_precision": 0.8234444444444444,
    "failure_diagnosis_accuracy": 0.23333333333333334,
    "format_failure_rate": 0.0,
    "joint_revision_success": 0.19333333333333333,
    "latest_event_shortcut_failure_rate": 0.0,
    "memory_state_accuracy": 0.7911111111111119,
    "minimal_evidence_exact_match": 0.5866666666666667,
    "non_answer_decision_accuracy": 0.37333333333333335,
    "overcitation_rate": 0.17655555555555555,
    "stale_reuse_rate": 0.006666666666666667
  },
  "short_name": "GLM-5.1",
  "success_count": 150
}
