{
  "all_metrics": {
    "answer_exact_match": 0.0,
    "answer_key_fact_accuracy": 0.9733333333333334,
    "answer_state_consistency": 0.5666666666666667,
    "black_box_decision_accuracy": 0.76,
    "conflict_collapse_rate": 0.0,
    "counterevidence_recall": 0.6666666666666666,
    "decision_balanced_accuracy": 0.3304347826086957,
    "decision_macro_f1": 0.2878787878787879,
    "evidence_f1": 0.6605238095238098,
    "evidence_precision": 0.5663333333333336,
    "failure_diagnosis_accuracy": 0.26666666666666666,
    "failure_to_forget_rate": 0.0,
    "failure_to_release_or_restore_rate": 0.0,
    "forbidden_fact_hits": 0.02666666666666667,
    "format_failure_rate": 0.0,
    "joint_revision_success": 0.13333333333333333,
    "latest_event_shortcut_failure_rate": 0.03333333333333333,
    "memory_hallucination_rate": 0.0,
    "memory_state_accuracy": 0.853333333333334,
    "minimal_evidence_exact_match": 0.32,
    "non_answer_decision_accuracy": 0.0,
    "over_update_rate": 0.0,
    "overcitation_rate": 0.43366666666666664,
    "per_decision_accuracy": {
      "mark_unresolved": 0.0,
      "refuse_due_to_policy": 0.0,
      "use_current_memory": 0.991304347826087
    },
    "per_decision_counts": {
      "mark_unresolved": 25,
      "refuse_due_to_policy": 10,
      "use_current_memory": 115
    },
    "policy_violation_anchor_hit_rate": 0.0,
    "policy_violation_rate": 0.0,
    "scope_authority_accuracy": 0.9333333333333333,
    "scope_leakage_anchor_hit_rate": 0.0,
    "scope_leakage_rate": 0.5466666666666666,
    "stale_anchor_hit_rate": 0.0,
    "stale_memory_reuse_rate": 0.10666666666666667,
    "stale_reuse_rate": 0.04,
    "under_update_rate": 0.04,
    "unnecessary_memory_write_rate": 0.0,
    "use_current_memory_accuracy": 0.991304347826087,
    "wrong_source_attribution_rate": 0.0
  },
  "count": 150,
  "error_count": 0,
  "format_failure_count": 0,
  "model": "Pro/moonshotai/Kimi-K2.6",
  "report_metrics": {
    "answer_state_consistency": 0.5666666666666667,
    "black_box_decision_accuracy": 0.76,
    "counterevidence_recall": 0.6666666666666666,
    "decision_macro_f1": 0.2878787878787879,
    "evidence_f1": 0.6605238095238098,
    "evidence_precision": 0.5663333333333336,
    "failure_diagnosis_accuracy": 0.26666666666666666,
    "format_failure_rate": 0.0,
    "joint_revision_success": 0.13333333333333333,
    "latest_event_shortcut_failure_rate": 0.03333333333333333,
    "memory_state_accuracy": 0.853333333333334,
    "minimal_evidence_exact_match": 0.32,
    "non_answer_decision_accuracy": 0.0,
    "overcitation_rate": 0.43366666666666664,
    "stale_reuse_rate": 0.04
  },
  "short_name": "Kimi-K2.6",
  "success_count": 150
}
